{"cameraMode":{"drawMode":0,"name":"Shaded","section":"Shading Mode"},"sceneLighting":true,"audioPlay":false,"sceneViewState":{"m_AlwaysRefresh":false,"showFog":true,"showSkybox":true,"showFlares":true,"showImageEffects":true,"showParticleSystems":true,"showVisualEffectGraphs":true,"m_FxEnabled":true},"in2DMode":false,"pivot":{"x":-12.828865051269532,"y":21.638431549072267,"z":-14.857658386230469},"rotation":{"x":0.1893807351589203,"y":0.39490607380867007,"z":-0.08355210721492768,"w":0.8951005935668945},"size":43.139801025390628,"orthographic":false}